Term,Frequency
reps,1152
exercise,1111
performed,950
body,905
muscles,705
movement,525
focused,445
part,442
high,424
strength,423
targeting,374
workout,373
targets,350
core,349
lower,341
muscle,339
upper,331
time,326
popular,325
moderate,320
set,316
press,306
shoulder,304
arm,294
chest,282
training,279
dumbbell,266
leg,259
bodyweight,250
machine,243
triceps,241
bench,238
single,229
barbell,223
building,222
cable,218
shoulders,215
squat,211
curl,204
weight,200
glutes,197
rep,195
push,193
biceps,191
hamstrings,174
circuit,168
bar,168
portion,163
variation,161
pull,158
position,157
kettlebell,144
side,143
higher,140
deadlift,138
grip,135
warm,135
dynamic,133
raise,133
work,130
used,128
ball,125
full,122
standing,119
build,119
quads,118
involves,118
seated,117
using,117
power,114
row,113
crunch,100
front,99
done,98
ranges,96
move,95
workouts,95
low,94
incline,93
band,93
plank,92
target,90
classic,90
explosive,90
floor,89
fat,88
rear,88
hands,88
loss,87
isolation,87
traditional,87
including,86
conditioning,86
abdominal,86
rectus,85
pack,85
lunge,84
legs,84
many,84
stretch,83
motion,82
perform,82
accessory,81
hips,80
straight,80
hip,79
lying,78
difficult,75
challenge,75
bent,74
stack,74
deltoids,73
lats,73
performing,72
overhead,71
based,71
variations,70
common,70
knees,69
feet,69
different,69
great,68
smith,68
similar,67
jump,67
mobility,66
lifters,65
trained,64
arms,64
reverse,63
abdominis,63
lateral,60
alternating,60
fly,60
head,60
lift,59
knee,59
calf,59
range,58
particular,58
cardiovascular,58
obliques,58
style,57
way,57
version,56
latissimus,55
challenging,54
dumbbells,54
ups,54
sit,53
works,53
wide,53
stability,53
traps,53
allows,53
athleticism,52
light,52
help,51
crawl,51
extension,51
weights,51
lat,50
combines,50
advanced,49
weighted,49
ground,49
back,49
rope,48
focus,47
holding,47
balance,47
builds,47
squats,46
abs,46
movements,46
groups,46
top,45
joint,45
plate,45
helps,44
compound,44
hold,43
clean,43
effective,43
resistance,43
least,42
medicine,42
upright,42
dorsi,41
overall,41
heavy,41
combination,41
emphasis,40
simple,40
deltoid,39
pressing,39
size,39
pectoral,38
uses,38
elevated,38
partner,38
complex,37
activation,37
use,37
athletes,36
hanging,36
fitness,36
posterior,36
torso,36
makes,36
rhomboids,35
decline,35
abdominals,35
deep,34
legged,34
twist,34
angle,33
cross,33
chain,33
system,33
stance,33
bigger,33
people,33
glute,33
increase,33
working,32
placed,32
day,32
degree,31
gyms,31
sequence,31
palms,31
making,31
jumping,31
adds,31
presses,31
quadriceps,30
lifter,30
military,30
stiff,30
extra,30
form,30
middle,29
sets,29
providing,29
strengthen,29
provides,29
box,29
greater,28
neutral,28
kick,28
bear,28
endurance,28
face,28
component,27
powerlifting,27
smr,27
facing,27
kneeling,27
focuses,27
easy,27
delt,27
dip,26
spine,26
trapezius,26
isometric,26
stronger,26
strengthens,25
stretches,25
racked,25
hand,25
hamstring,25
oblique,24
tension,24
wider,24
heads,24
burpee,24
gym,24
standard,24
entire,24
main,24
step,24
level,23
parallel,23
addition,23
intense,23
make,23
exhaust,23
need,23
pre,23
place,23
anterior,23
utilizes,22
burn,22
anchored,22
difference,22
rotation,22
lifting,22
flat,22
small,22
sprawl,22
held,22
multiple,21
forearms,21
benefits,21
roll,21
elbows,21
crossfit,21
end,21
beginners,21
free,21
angles,21
handle,21
emphasizes,21
landmine,21
flyes,21
emphasizing,21
speed,21
increases,21
allowing,21
focusing,20
serious,20
rack,20
able,20
bodybuilding,20
moving,20
roller,20
learn,20
bottom,20
machines,20
start,20
efficient,20
swing,20
athletic,19
deadlifts,19
depending,19
develop,19
short,19
tests,19
bands,19
release,19
mimics,19
flow,19
levels,18
yoga,18
technique,18
momentum,18
bars,18
staple,18
sumo,18
wall,18
find,18
sport,18
drill,18
wrist,18
tool,18
foot,18
medial,18
trains,18
exercises,18
challenges,17
split,17
lifts,17
tactical,17
worked,17
added,17
angled,17
wrists,17
long,17
cardio,17
coordination,17
isolate,17
mind,17
jack,16
elbow,16
centerpiece,16
overhand,16
takes,16
world,16
allow,16
climber,16
anytime,16
measurement,16
flexors,16
preacher,16
ends,16
hack,16
toe,16
sides,16
height,16
rest,16
tuck,16
peak,15
touch,15
carry,15
difficulty,15
tight,15
amount,15
moves,15
delts,15
growth,15
curls,15
variety,15
hang,15
hammer,15
device,15
first,15
parts,15
hollow,14
raises,14
burnout,14
strict,14
point,14
holds,14
loaded,14
bend,14
pain,14
programmed,14
considered,14
rotational,14
builder,14
placing,14
places,14
romanian,14
goblet,14
favorite,14
banded,14
competitive,14
walking,14
functional,13
spider,13
maintain,13
gets,13
name,13
close,13
air,13
suspended,13
planks,13
comes,13
plates,13
tap,13
lighter,13
gastrocnemius,13
developing,13
hammering,13
feel,13
hits,13
proper,13
dips,13
remain,13
opposed,13
worthy,13
try,12
beginning,12
longer,12
static,12
rotator,12
prefer,12
mountain,12
pump,12
attachment,12
distance,12
everything,12
surface,12
dog,12
strong,12
assistance,12
train,12
stretching,12
due,12
reach,12
program,12
substitute,12
loading,12
ubiquitous,12
spinal,12
bodybuilders,11
limitation,11
nail,11
increasing,11
alternative,11
suitcase,11
finisher,11
control,11
postural,11
adductors,11
pulleys,11
paired,11
involvement,11
lesser,11
wheel,11
less,11
approximates,11
eliminates,11
skullcrusher,11
pushing,11
sled,11
puts,11
classes,11
calves,11
corner,11
calories,11
stimulus,11
easier,11
opposing,11
rotating,11
requires,11
shrug,11
test,11
elements,11
room,11
strengthening,11
include,11
width,11
injury,11
touching,10
significant,10
stress,10
opposite,10
stationary,10
bird,10
singles,10
selectorized,10
good,10
muscular,10
sports,10
throw,10
pin,10
finishing,10
bringing,10
additional,10
protect,10
object,10
flows,10
walk,10
connection,10
pecs,10
unique,10
conventional,10
durations,10
athletics,10
brachialis,10
come,10
underhand,10
bursts,10
trap,10
farmer,10
equipment,10
progress,10
group,10
half,10
limiting,10
vertical,10
get,10
risk,10
unweighted,10
forearm,9
attached,9
known,9
combat,9
thighs,9
cause,9
sticking,9
accompanied,9
carpenter,9
physical,9
ability,9
setting,9
excellent,9
relax,9
improve,9
slight,9
involved,9
treatment,9
tissue,9
soft,9
administered,9
rounds,9
flexibility,9
starts,9
combining,9
variable,9
foam,9
trigger,9
russian,9
massage,9
applying,9
painful,9
pressure,9
combine,9
forces,9
towel,9
larger,9
outside,9
rate,9
toes,9
heart,9
uncomfortable,9
load,9
support,9
resting,9
option,9
limited,9
keep,9
myofascial,9
twisting,9
everyone,9
pulling,9
development,9
heavier,8
sitting,8
commercial,8
running,8
best,8
chin,8
extending,8
specific,8
differs,8
pressis,8
fatigue,8
changes,8
adjustable,8
demands,8
serratus,8
thoracic,8
posture,8
someone,8
pads,8
grips,8
hop,8
provide,8
round,8
pass,8
multijoint,8
called,8
days,8
supporting,8
restriction,8
lacrosse,8
handles,8
measure,8
circuits,8
inclusion,8
regular,8
walls,8
ways,8
adding,8
pose,8
snatch,8
utilizing,8
straps,8
teach,8
fixed,8
kettlebells,8
begins,8
cool,8
overload,8
contracts,8
blood,8
valuable,8
narrow,7
adductor,7
animal,7
types,7
factor,7
recovery,7
area,7
require,7
health,7
thruster,7
series,7
decades,7
combo,7
creates,7
early,7
limit,7
intended,7
multi,7
concentration,7
slower,7
hard,7
cuff,7
pad,7
supination,7
safer,7
change,7
metabolic,7
jerk,7
looped,7
total,7
raised,7
narrower,7
contracting,7
double,7
choose,7
superman,7
resembles,7
jumps,7
contested,7
included,7
requiring,7
depth,7
open,7
think,7
drawing,7
coaches,7
pulls,7
major,7
squatting,7
heel,7
flexion,7
pair,7
forth,7
overs,7
contract,6
hurts,6
aimed,6
plyometric,6
belt,6
soleus,6
thought,6
bracing,6
big,6
incorporate,6
erectors,6
external,6
consists,6
matches,6
slide,6
new,6
transversus,6
inner,6
preceded,6
players,6
stabilization,6
assist,6
balanced,6
benches,6
helping,6
boxes,6
suspension,6
strap,6
piriformis,6
musculature,6
quad,6
activates,6
basic,6
bridge,6
lot,6
donkey,6
contraction,6
calisthenics,6
goers,6
experience,6
programs,6
normal,6
chair,6
direction,6
put,6
bfr,6
utilized,6
crossed,6
produces,6
intensity,6
stable,6
swinging,6
quality,6
shape,6
rowing,6
replaces,6
eliminate,6
crawling,6
extensions,6
mobilize,6
followed,6
lunges,6
max,6
assisted,6
bosu,6
hybrid,6
drag,6
fundamental,6
stays,6
safety,6
thigh,6
hypertrophy,6
friendly,6
neck,6
station,6
ham,6
treadmill,6
widths,6
mainstay,6
weightlifting,5
consider,5
developed,5
several,5
complexes,5
basketball,5
football,5
carrying,5
iconic,5
mechanical,5
dropset,5
effort,5
morning,5
staggered,5
compared,5
hugging,5
tree,5
hitting,5
worldwide,5
pulled,5
benchmark,5
competition,5
handstand,5
ghd,5
skullcrushers,5
available,5
prior,5
thrust,5
relation,5
relative,5
gauge,5
boost,5
track,5
enthusiasts,5
seal,5
comfortable,5
recognizable,5
positioned,5
appear,5
matter,5
limber,5
hence,5
customize,5
case,5
golden,5
prone,5
imbalances,5
tightness,5
recommend,5
usual,5
percent,5
named,5
interval,5
pigeon,5
burning,5
extended,5
center,5
practice,5
requisite,5
partners,5
acft,5
army,5
starting,5
experienced,5
includes,5
address,5
circle,5
type,5
active,5
abdomen,5
rings,5
gymnastic,5
determine,5
hit,5
designed,5
stabilize,5
crab,5
performs,5
captain,5
continuous,5
tire,5
crunches,5
kicked,5
tempo,5
complete,5
curling,5
lightweight,4
maintaining,4
gravity,4
flutter,4
heels,4
structure,4
etc,4
differences,4
skip,4
looks,4
instability,4
successive,4
curve,4
closer,4
deficit,4
mid,4
stabilizers,4
sprint,4
taxing,4
offers,4
injure,4
reaching,4
pistol,4
possible,4
rewarded,4
primary,4
collars,4
benefiting,4
scale,4
problem,4
bulgarian,4
frog,4
locked,4
explosiveness,4
temperature,4
enforce,4
pipe,4
listing,4
inverted,4
run,4
elevating,4
era,4
apparatus,4
leopard,4
falling,4
issue,4
getting,4
spotter,4
stacks,4
reasons,4
pallof,4
children,4
alternates,4
strategy,4
post,4
partial,4
powerful,4
general,4
hinging,4
improving,4
promote,4
strongman,4
linear,4
today,4
touches,4
school,4
old,4
plyo,4
aligned,4
mcgill,4
travel,4
opt,4
reduces,4
leaning,4
timed,4
varieties,4
number,4
activate,4
engage,4
alternate,4
certain,4
purpose,4
constant,4
treated,4
posed,4
mass,4
value,4
midsection,4
function,4
jammer,4
take,4
worst,4
play,4
brings,4
caught,4
bike,4
agility,4
taxes,4
adjust,4
appropriate,4
care,4
recruits,4
shift,4
progression,4
outer,4
hops,4
desired,4
downward,4
remains,4
tall,4
competed,4
poses,4
found,4
copenhagen,4
stair,4
catching,4
scenario,4
chase,4
access,3
scholastic,3
trunk,3
flexor,3
diamond,3
clap,3
scapular,3
keeping,3
cone,3
roles,3
period,3
session,3
groin,3
fourth,3
years,3
stages,3
forcing,3
manner,3
hung,3
restorative,3
lockout,3
safeties,3
pins,3
butt,3
erector,3
reason,3
existing,3
killa,3
special,3
acable,3
rows,3
limits,3
achieve,3
renegade,3
failure,3
maxing,3
emphasize,3
options,3
beneficial,3
powerlift,3
immenselyp,3
smooth,3
save,3
sort,3
surfer,3
pointed,3
rotate,3
causes,3
barbells,3
waves,3
olympic,3
anti,3
seen,3
non,3
numerous,3
iliotibial,3
last,3
downs,3
driving,3
incorporates,3
unavailable,3
pulley,3
violent,3
roots,3
tricep,3
pairing,3
adequate,3
lowering,3
movie,3
turf,3
marker,3
simplicity,3
scaled,3
routine,3
reduced,3
inexpensive,3
trainers,3
abductor,3
bodybuilder,3
claim,3
involving,3
aesthetic,3
goals,3
otis,3
star,3
arnold,3
region,3
cuffs,3
real,3
schwarzenegger,3
phases,3
versus,3
pushes,3
regression,3
pvc,3
timers,3
cleans,3
gives,3
right,3
effect,3
gymnastics,3
duration,3
bikes,3
attempts,3
state,3
aerobic,3
attack,3
rotated,3
offer,3
rapid,3
rock,3
landing,3
maximizing,3
traveling,3
sleeve,3
positions,3
steps,3
swings,3
next,3
built,3
cleaned,3
gorilla,3
extends,3
harder,3
pushed,3
meant,3
forehead,3
paced,3
monitors,3
walks,3
turkish,3
popping,3
feeling,3
cup,3
combinations,3
removes,3
isolating,3
squeezing,3
action,3
lines,3
dedicated,3
motions,3
shares,3
paces,3
planet,3
joints,3
speeds,3
windmill,3
reflex,3
mastering,3
sissy,3
hexagonal,3
steady,3
perception,3
fire,3
pronounced,3
directions,3
ton,3
pendlay,3
raiseis,2
hammers,2
boxers,2
performance,2
trailing,2
ropes,2
subsequent,2
transition,2
floating,2
element,2
descent,2
reinforce,2
putting,2
taken,2
saw,2
shuffle,2
relay,2
chances,2
athlete,2
important,2
execution,2
degrees,2
bounce,2
seesaw,2
boxing,2
flip,2
completion,2
forward,2
shadow,2
impact,2
fluid,2
compete,2
extreme,2
given,2
bulgaria,2
soreness,2
competitions,2
avoid,2
isometrically,2
want,2
elliptical,2
paramount,2
attributes,2
battle,2
received,2
curtsy,2
contemporary,2
solo,2
repetitions,2
learning,2
olympics,2
shaped,2
aggravate,2
problems,2
unsafe,2
sprinting,2
physique,2
elite,2
create,2
apart,2
doubles,2
individual,2
climbs,2
climb,2
length,2
changing,2
metcon,2
negative,2
synonymous,2
clever,2
kickstand,2
hinge,2
improves,2
hex,2
instruct,2
explode,2
prehab,2
southpaw,2
flexes,2
directional,2
coming,2
capacity,2
shuttle,2
chains,2
gymnasts,2
broad,2
lacking,2
slow,2
natural,2
primer,2
sliders,2
furniture,2
cloth,2
supine,2
demand,2
add,2
revving,2
stabilizer,2
girevoy,2
planted,2
definition,2
teaches,2
comprised,2
compass,2
considering,2
wear,2
sprinter,2
jogging,2
later,2
hiit,2
jab,2
looping,2
history,2
cover,2
semi,2
greatest,2
scooped,2
thrown,2
finishes,2
sliding,2
sledgehammer,2
enough,2
space,2
bring,2
skiing,2
adductions,2
ceiling,2
tfl,2
much,2
disrupting,2
stepping,2
taking,2
switch,2
carries,2
letting,2
abductors,2
tip,2
approaches,2
nose,2
pulse,2
decreases,2
decrease,2
portions,2
pulsing,2
fashion,2
companion,2
pauses,2
pause,2
lack,2
flex,2
consistent,2
quick,2
impossible,2
taught,2
raising,2
influenced,2
going,2
passive,2
scissor,2
passing,2
column,2
vertebral,2
manual,2
twists,2
tabletop,2
squeeze,2
comfort,2
platform,2
equals,2
typewriter,2
pectorals,2
method,2
completed,2
person,2
moon,2
lead,2
adduction,2
calk,2
judo,2
shin,2
clapping,2
like,2
look,2
let,2
align,2
predetermined,2
passes,2
wiper,2
succession,2
windshield,2
cocoon,2
cheating,2
deliberate,2
tough,2
ears,2
crucifix,2
crucial,2
finish,2
transitioning,2
stirrups,2
serve,2
unorthodox,2
slam,2
blades,2
potential,2
staying,2
unusual,2
controlled,2
slams,2
giving,2
prescribed,2
protection,2
selection,2
throwing,2
flipped,1
crossing,1
cow,1
butterfly,1
cat,1
activating,1
sockets,1
switching,1
turned,1
contractions,1
giant,1
ending,1
entails,1
presents,1
offset,1
trainees,1
bending,1
fins,1
well,1
calisthenic,1
activity,1
burns,1
generation,1
leap,1
abilities,1
dropping,1
pop,1
slides,1
schools,1
responsible,1
viable,1
begin,1
hurt,1
programming,1
intermediate,1
routines,1
gain,1
unpack,1
soldier,1
kayak,1
remove,1
ape,1
influence,1
kept,1
drags,1
placement,1
stances,1
dragging,1
others,1
capable,1
fast,1
strenght,1
practicing,1
overloading,1
reinforces,1
iliopsoas,1
stop,1
toy,1
trainer,1
cheat,1
fan,1
recumbent,1
riding,1
wings,1
resemble,1
thing,1
ones,1
ranging,1
job,1
separates,1
obstacle,1
race,1
give,1
paddling,1
participants,1
reaches,1
limbs,1
pace,1
aiming,1
descending,1
cheerleaders,1
whole,1
feels,1
circles,1
increased,1
lifted,1
healthier,1
tray,1
waiter,1
warms,1
left,1
steering,1
driver,1
car,1
unison,1
zero,1
arcing,1
arc,1
pitchers,1
league,1
notorious,1
rehab,1
fit,1
stand,1
piston,1
cuban,1
plyometrics,1
along,1
throws,1
tossing,1
reversed,1
spend,1
latter,1
continues,1
contrary,1
receives,1
hole,1
chairs,1
bother,1
ring,1
perspective,1
obtained,1
couch,1
powerlifters,1
rolling,1
spin,1
idea,1
thrusting,1
pike,1
afraid,1
bothers,1
tracks,1
home,1
repetition,1
scoop,1
angel,1
aka,1
midpoint,1
fours,1
recruited,1
implement,1
anyone,1
fighting,1
toss,1
ricochet,1
sideways,1
lots,1
bradford,1
lumbar,1
overextending,1
role,1
present,1
defensive,1
backs,1
march,1
receivers,1
downfield,1
loop,1
generate,1
relieves,1
helpful,1
stick,1
contained,1
jill,1
healthy,1
cones,1
cowboy,1
strung,1
ninja,1
hurdles,1
stretched,1
meaning,1
mobilizing,1
bouncing,1
believe,1
opens,1
obscure,1
professed,1
choice,1
started,1
hurl,1
marching,1
performe,1
hovering,1
tennis,1
momentary,1
correct,1
carioca,1
promoting,1
goal,1
pursued,1
palm,1
cleaning,1
learned,1
protraction,1
transverse,1
ship,1
pirate,1
competitively,1
minutes,1
meet,1
triangle,1
forms,1
aid,1
ribcage,1
neglected,1
prevent,1
scapula,1
progressing,1
bomber,1
surprising,1
developer,1
throughs,1
hangs,1
coordinated,1
earned,1
shifts,1
scapulae,1
sure,1
inchworm,1
warming,1
imaginary,1
punt,1
warrior,1
combined,1
tax,1
triple,1
tucked,1
little,1
master,1
stopping,1
follows,1
plan,1
controlling,1
minimize,1
fall,1
pinned,1
pec,1
deck,1
playing,1
unassisted,1
hardstyle,1
see,1
pound,1
nfl,1
boosting,1
spoto,1
prepare,1
seconds,1
solid,1
anchor,1
vest,1
wrap,1
american,1
overpull,1
demanding,1
clock,1
modified,1
inclined,1
pjr,1
secured,1
loose,1
sphinx,1
numbers,1
tiger,1
elastic,1
blends,1
progressive,1
struggle,1
versions,1
vary,1
bug,1
transitional,1
dead,1
dial,1
roundhouse,1
figure,1
engrains,1
striking,1
martial,1
facilitate,1
acceleration,1
arts,1
fingers,1
isolated,1
finger,1
maximus,1
gluteus,1
climbers,1
looking,1
unanchored,1
bottoms,1
bell,1
engages,1
lata,1
fascia,1
tensor,1
gluteal,1
remaining,1
substantial,1
halo,1
made,1
targeted,1
svend,1
awkwardness,1
brace,1
seat,1
keeps,1
stops,1
bicycle,1
encourage,1
gains,1
slammed,1
stabilizing,1
allowed,1
weakness,1
absorbs,1
outward,1
groiner,1
thrusts,1
guide,1
essential,1
unstable,1
resisting,1
dowel,1
duck,1
balancing,1
sided,1
losing,1
levitating,1
related,1
shotgun,1
applies,1
expect,1
mental,1
empty,1
lengthens,1
amplifies,1
purposes,1
thickness,1
descends,1
resiliency,1
decent,1
positioning,1
cables,1
tweaks,1
taper,1
helped,1
believed,1
rounded,1
rhomboid,1
abductions,1
abduction,1
flight,1
rower,1
superhero,1
akin,1
maker,1
man,1
rhythm,1
output,1
ribs,1
upward,1
toughness,1
lock,1
brought,1
teaching,1
approximating,1
challenged,1
hopping,1
chance,1
recover,1
pyramid,1
tower,1
possibility,1
briefly,1
uncontrolled,1
brachioradialis,1
approach,1
engrain,1
methodologies,1
eiffel,1
crease,1
zercher,1
age,1
associated,1
dave,1
hackenschmidt,1
george,1
famed,1
blond,1
develops,1
draper,1
characteristics,1
glenn,1
coach,1
hug,1
quadratus,1
self,1
extent,1
mornings,1
iron,1
earn,1
negatives,1
eccentric,1
worth,1
noting,1
leads,1
plenty,1
qualities,1
average,1
century,1
20th,1
banged,1
said,1
changed,1
approximate,1
teres,1
engagement,1
benching,1
contributed,1
injuries,1
board,1
novel,1
lumborum,1
fight,1
spinae,1
presenting,1
approximated,1
anchors,1
hyperextension,1
plex,1
fiving,1
child,1
surrounding,1
arrangement,1
crunching,1
balls,1
varation,1
blaster,1
needed,1
cautious,1
poles,1
skier,1
suggests,1
approachable,1
slalom,1
buildup,1
foundational,1
event,1
sporting,1
burpees,1
sore,1
fair,1
implies,1
